titulo,autores,fonte,ano,citacoes,resumo,link,pdf_url,pdf_local
A prevenção aos riscos ambientais utilizando o Google Earth em classes de Geografia e Ciências do Ensino Fundamental 2:: o caso morro do bumba,"J Tristão - Educação Profissional e Tecnológica em Revista, 2025 - revistas.ifes.edu.br",,2025,0,"… No contexto da Geografia, a globalização, aliada à revolução técnico-científica, possibilitao acesso a um conjunto de ferramentas conhecidas comogeotecnologias, que permitem a …",https://revistas.ifes.edu.br/index.php/ept/article/view/2233,https://revistas.ifes.edu.br/index.php/ept/article/download/2233/1464,/home/lifa/resultados_geo_emi/pdfs/0028_A prevenção aos riscos ambientais utilizando o Google Earth em classes de Geogra.pdf
A Importância dos satélites imageadores no cotidiano dos estudantes: aprendendo com o jogo do trunfo satélites & sensores no contexto escolar,KR Novakoski - 2025 - lume.ufrgs.br,,2025,0,"… espacial e a compreensão dasgeotecnologiasno dia a dia. … com um mundo cada vez maismediado porgeotecnologias. … para turmas doEnsinoMédioIntegrado, especialmente em …",https://lume.ufrgs.br/handle/10183/294643,https://lume.ufrgs.br/bitstream/handle/10183/294643/001289959.pdf?sequence=1,
QUADROS CONCEITUAIS E MÚLTIPLAS LINGUAGENS NO ENSINO DE GEOGRAFIA: PROPOSTA METODOLÓGICA SOBRE AS ÁREAS VERDES URBANAS,"J Moritz,",MFVB Gomes,2025,0,"… A aplicação ocorreu no Instituto Federal do Paraná (IFPR), campus Umuarama, com umaturma de 29 estudantes doEnsinoMédiointegradoà educação profissional e envolveu a …",https://www2.ifrn.edu.br/ojs/index.php/geoconexoes/article/view/18335,https://www2.ifrn.edu.br/ojs/index.php/geoconexoes/article/download/18335/4707,/home/lifa/resultados_geo_emi/pdfs/0043_QUADROS CONCEITUAIS E MÚLTIPLAS LINGUAGENS NO ENSINO DE GEOGRAFIA_ PROPOSTA METO.pdf
"ANÁLISE GEOAMBIENTAL DA BACIA DO BELEZA EM JUSCIMEIRA, MATO GROSSO, BRASIL",J Siqueira,",",2025,0,"… Desde então, acumulou experiência como professora noEnsinoMédioIntegradodo … objetivode desenvolver pesquisas inovadoras que unamgeotecnologias, ensino e impacto social, …",https://periodicos.apps.uern.br/index.php/GEOTemas/article/view/7429,https://periodicos.apps.uern.br/index.php/GEOTemas/article/download/7429/5233,
A formação técnica em agropecuária no IFMG: os casos dos campus “Bambuí” e “São João Evangelista.,VM Oliveira - 2025 - rima.ufrrj.br,,2025,0,"A presente tese tem como foco central realizar uma análise da formação técnica emagropecuária, a partir dos cursos técnicos em Agropecuária do Instituto Federal de Minas Gerais (…",https://rima.ufrrj.br/jspui/handle/20.500.14407/23013,https://rima.ufrrj.br/jspui/bitstream/20.500.14407/23013/1/VICTOR%20MIRANDA%20DE%20OLIVEIRA.pdf,/home/lifa/resultados_geo_emi/pdfs/0087_A formação técnica em agropecuária no IFMG_ os casos dos campus “Bambuí” e “São.pdf
Aprendizagem colaborativa: perspectivas do modelo 3C de sistemas colaborativos na educação profissional em informática,CMC Brito - 2025 - search.proquest.com,,2025,0,"… Oensinomédiointegradoà educação profissional, além de ter o trabalho como princípioeducativo, o toma também como contexto econômicoprodutivo, visando a preparar as …",https://search.proquest.com/openview/f0218d46e9a592faa2a5a2483198cc80/1?pq-origsite=gscholar&cbl=2026366&diss=y,,
Contribuições do mestrado profissional e tecnológico para práticas educacionais com tecnologias: uma revisão sistemática da literatura,"P Florêncio, ALCD Melo,",LPL Mercado,2025,0,… O debate da filosofia crítica da tecnologia noensinomédiointegradoprofissional atravésde … Estratégias pedagógicas nas aulas de língua portuguesa doensinomédiointegradoao …,https://www2.ifrn.edu.br/ojs/index.php/RBEPT/article/view/16808,https://www2.ifrn.edu.br/ojs/index.php/RBEPT/article/download/16808/4555,/home/lifa/resultados_geo_emi/pdfs/0119_Contribuições do mestrado profissional e tecnológico para práticas educacionais.pdf
[CITAÇÃO] [C] O uso das novas tecnologias aplicadas ao ensino da geografia cartográfica nas aulas do ensino médio integrado do Campus de Caxias (MA),HV Carvalho - 2024,,2024,0,,,https://releia.ifsertao-pe.edu.br/jspui/bitstream/123456789/1363/1/O%20USO%20DAS%20NOVAS%20TECNOLOGIAS%20APLICADAS%20AO%20ENSINO%20DA%20GEOGRAFIA%20CARTOGR%C3%81FICA%20NAS%20AULAS%20DO%20ENSINO%20M%C3%89DIO%20INTEGRADO%20DO%20CAMPUS%20DE%20CAXIAS%20%28MA%29.pdf,/home/lifa/resultados_geo_emi/pdfs/0011_[CITAÇÃO] [C] O uso das novas tecnologias aplicadas ao ensino da geografia carto.pdf
[CITAÇÃO] [C] Guia Didático: O uso das novas tecnologias aplicadas ao ensino da geografia cartográfica nas aulas do ensino médio integrado do campus de Caxias …,HV Carvalho - 2024,,2024,0,,,https://releia.ifsertao-pe.edu.br/jspui/bitstream/123456789/1364/1/GUIA%20DID%C3%81TICO%20-%20O%20USO%20DAS%20NOVAS%20TECNOLOGIAS%20APLICADAS%20AO%20ENSINO%20DA%20GEOGRAFIA%20CARTOGR%C3%81FICA%20NAS%20AULAS%20DO%20ENSINO%20M%C3%89DIO%20INTEGRADO%20DO%20CAMPUS%20DE%20CAXIAS%20%28MA%29.pdf,/home/lifa/resultados_geo_emi/pdfs/0012_[CITAÇÃO] [C] Guia Didático_ O uso das novas tecnologias aplicadas ao ensino da.pdf
Índices ambientais como ferramenta de educação ambiental no currículo escolar de uma escola de ensino médio,MHP Vieira - 2024 - repositorio.ufms.br,,2024,0,"… Outros indicadores foram obtidos através do uso degeotecnologiasespecíficas, como … aocurrículo profissional, no âmbito doEnsinoMédiointegradoà educação profissional. Nesse …",https://repositorio.ufms.br/handle/123456789/11544,https://repositorio.ufms.br/bitstream/123456789/11544/1/VIEIRA_MH%202024...pdf,/home/lifa/resultados_geo_emi/pdfs/0052_Índices ambientais como ferramenta de educação ambiental no currículo escolar de.pdf
Ensino de solos nos cursos de graduação em ciências ambientais do Brasil,"LHDO Leite,",RTS Almeida,2024,0,… Organizador e instrutor de cursos de curta duração na área degeotecnologiasnoLaboratório de Processamento de Imagens e Geoprocessamento (Lapig Geocursos). …,https://periodicos.ifg.edu.br/tecnia/article/view/958,https://periodicos.ifg.edu.br/tecnia/article/download/958/1768,/home/lifa/resultados_geo_emi/pdfs/0054_Ensino de solos nos cursos de graduação em ciências ambientais do Brasil.pdf
O uso de metodologias ativas no ensino da geografia: uma revisão literária,TL Pinheiro - 2024 - repositorio.uema.br,,2024,0,"… Estasgeotecnologiasno processo de mapeamento se mostram como importantes … umaexperiência de aprendizagem significativa noensinomédiointegrado, realizada a partir de um …",https://repositorio.uema.br/handle/123456789/6153,https://repositorio.uema.br/bitstream/123456789/6153/1/TCC%20-%20THAYANNE%20LEITE%20PINHEIRO%20-%20BEL.%20GEOGRAFIA%20CECEN%20UEMA%202024.pdf,/home/lifa/resultados_geo_emi/pdfs/0057_O uso de metodologias ativas no ensino da geografia_ uma revisão literária.pdf
Juventude rural e sucessão familiar: projetos profissionais do jovem como estratégia de permanência no campo na região sul do Espírito Santo.,"FS PAULA, SP VOLPATO, RP SOUZA,",VLM SANTOS,2024,0,… O Projeto Profissional do Jovem (PPJ) é uma parte crucial na formação dos estudantes doensinomédiointegradoao curso técnico em agropecuária das Escolas Famílias Agrícolas (…,http://biblioteca.incaper.es.gov.br/digital/handle/item/4602,https://biblioteca.incaper.es.gov.br/digital/bitstream/item/4602/1/Anais-SIP-2023-Final-Pag66.pdf,/home/lifa/resultados_geo_emi/pdfs/0058_Juventude rural e sucessão familiar_ projetos profissionais do jovem como estrat.pdf
Curso Técnico em Agricultura do Instituto Federal de Santa Catarina: a utilização das geotecnologias na pequena propriedade rural,"FR Spiazzi,",R Pasqualli,2024,0,"… Essa pesquisa tem como finalidade discutir a utilização dasgeotecnologiasna pequena …de formação para a utilização degeotecnologias, seja por meio de reestruturação do …",https://www2.ifrn.edu.br/ojs/index.php/RBEPT/article/view/14697,https://www2.ifrn.edu.br/ojs/index.php/RBEPT/article/download/14697/4291,/home/lifa/resultados_geo_emi/pdfs/0064_Curso Técnico em Agricultura do Instituto Federal de Santa Catarina_ a utilizaçã.pdf
PARTICIPAÇÃO DO IFPA CAMPUS PARAUAPEBAS NA V OLIMPÍADABRASILEIRA DE CARTOGRAFIA: AMAZÔNIA NO MAPA,"PR Santos, KBC Almeida, AM da Silva… - Revista …, 2024 - e-publicacoes.uerj.br",,2024,0,… o interesse e o conhecimento em cartografia egeotecnologias. Lançada em 2015 e apoiada… os alunos do segundo ano doensinomédiointegradoao curso técnico em meio ambiente …,https://www.e-publicacoes.uerj.br/tamoios/article/view/84857,https://www.e-publicacoes.uerj.br/tamoios/article/download/84857/50777,/home/lifa/resultados_geo_emi/pdfs/0065_PARTICIPAÇÃO DO IFPA CAMPUS PARAUAPEBAS NA V OLIMPÍADABRASILEIRA DE CARTOGRAFIA_.pdf
Uma experiência na formação de professores para a Educação do Campo em tempos de Pandemia: o Estágio Supervisionado na Licenciatura em Ciências …,"LP da Cruz, U Rossa,",S Alberto,2024,0,…ensinomédiointegradoe formação de professores; paradigmas de ensino; evo. … Liderdo Grupo de Pesquisa Multidisciplinar em Ciências eGeotecnologiase vice-coordenador do …,https://periodicos.ufnt.edu.br/index.php/campo/article/view/16317,https://periodicos.ufnt.edu.br/index.php/campo/article/download/16317/22394,/home/lifa/resultados_geo_emi/pdfs/0077_Uma experiência na formação de professores para a Educação do Campo em tempos de.pdf
USO DA TECNOLOGIA DIGITAL COMO ESTRATÉGIA FACILITADORA PARA O PROCESSO DE ENSINO-APRENDIZAGEM DE ISOMERIA ÓPTICA NO ENSINO …,"LSO Amorim, FT da Cruz Silva… - Revista Ifes …, 2024 - revistas.ifes.edu.br",,2024,0,"A sociedade em geral e as escolas estão imersas em uma realidade marcada por tecnologiasem suas mais variadas formas. Assim, o uso de Tecnologias Digiais da Informação e …",https://revistas.ifes.edu.br/index.php/ric/article/view/2433,https://revistas.ifes.edu.br/index.php/ric/article/download/2433/1161,/home/lifa/resultados_geo_emi/pdfs/0079_USO DA TECNOLOGIA DIGITAL COMO ESTRATÉGIA FACILITADORA PARA O PROCESSO DE ENSINO.pdf
[LIVRO] [B] Diálogos em rede: Educação e saúde,"WB Costa, MF de Oliveira, M Bohrer… - 2024 - books.google.com",,2024,0,… nos apresenta as relações formativas nas disciplinas doensinomédiointegrado. “Tenho …desenvolvemos de forma mais aprofundada asGeotecnologiasao abordarmos o conteúdo de …,https://books.google.com/books?hl=pt-BR&lr=&id=aGXvEAAAQBAJ&oi=fnd&pg=PA1961&dq=%22geotecnologias%22+%22ensino+m%C3%A9dio+integrado%22&ots=YjW-N8NRUV&sig=GWvcM5F-1Jgsj7KcNFHHWDE8LOk,,
[LIVRO] [B] A Pós-graduação no IFMA Campus São Luís–Monte Castelo: caminhos e práticas investigativas–Vol. 2,"AM dos Santos, DN Fernandes, NMC Nogueira… - 2024 - books.google.com",,2024,0,… que demonstra que asgeotecnologiaspodem ser ferramentas que … de alunos doensinomédiointegradocom necessidades … de alunos doensinomédiointegradocom Transtorno do …,https://books.google.com/books?hl=pt-BR&lr=&id=j4QREQAAQBAJ&oi=fnd&pg=PA8&dq=%22geotecnologias%22+%22ensino+m%C3%A9dio+integrado%22&ots=iNrOW1s8pa&sig=h05VLO4Rzkzxy0JgMzIcwmd8gpA,,
Educação Científica nos Cursos Profissionais: Um Estudo no IFBA–Campus de Brumado,PC de Souza - 2024 - search.proquest.com,,2024,0,… A Educação Científica está acessível para que os estudantes doEnsinoMédioIntegradodo IFBA se identifiquem como pesquisadores na Educação Básica e voltem para suas casas …,https://search.proquest.com/openview/302c84c1e461c50f7359be17ee9b438b/1?pq-origsite=gscholar&cbl=2026366&diss=y,,
Desenvolvimento de Metodologias Teórico-Práticas para o Ensino de Biologia nos Cursos Técnicos Oferecidos na Modalidade EJA (Educação de Jovens e Adultos) …,ÉC Rocha - 2024 - search.proquest.com,,2024,0,"… Atualmente oferta os seguintes cursos: Informática para Internet e Eletrônica (ensinomédiointegradoregular), Comércio (ensinomédiointegradoregular e EJA), Manutenção e …",https://search.proquest.com/openview/f0f4148c4c8068abacc5fad82201056d/1?pq-origsite=gscholar&cbl=2026366&diss=y,,
Desafios e perspectivas no ensino da geografia: uma análise do novo ensino médio,"MSO de Lima,",AM da Silva Cursino,2023,0,"A presente pesquisa abordou as perspectivas e os desafios do ensino da Geografia com oNovo Ensino Médio. Pela BNCC, o Novo Ensino Médio, o componente curricular Geografia …",https://portal.amelica.org/ameli/journal/274/2744784021/html/,https://portal.amelica.org/ameli/journal/274/2744784021/html/,
Como os alunos pensam geograficamente,DDC Neves,"- Geografia Grapiúna, 2023 - periodicos.uesc.br",2023,0,… Os autores relatam que o conceito de pensamento espacial nasceu nos Estados Unidosno contexto da implementação dasgeotecnologiasaplicadas ao ensino. O que haveria seria …,http://periodicos.uesc.br/index.php/rlahige/article/view/3739,https://periodicos.uesc.br/index.php/rlahige/article/download/3739/2437,/home/lifa/resultados_geo_emi/pdfs/0055_Como os alunos pensam geograficamente.pdf
[LIVRO] [B] GEOPOSSÍVEL: Teorias e práticas pedagógicas possíveis em sala de aula,AV Resende,", AM Campos, CEM Gontijo… - 2023 - books.google.com",2023,0,… serviram de inspiração para a discussão de conceituações básicas sobre climas ebiodiversidade comuns às duas disciplinas (Geografia e Biologia noEnsinoMédioIntegrado): …,https://books.google.com/books?hl=pt-BR&lr=&id=p7q1EAAAQBAJ&oi=fnd&pg=PP1&dq=%22geotecnologias%22+%22ensino+m%C3%A9dio+integrado%22&ots=3hlQvDZnyK&sig=cZvLiHZX8c-25rlieI_kFpvi9yE,https://books.google.com/books?hl=pt-BR&lr=&id=p7q1EAAAQBAJ&oi=fnd&pg=PP1&dq=%22geotecnologias%22+%22ensino+m%C3%A9dio+integrado%22&ots=3hlQvDZnyK&sig=cZvLiHZX8c-25rlieI_kFpvi9yE,
"The Brazilian professional, scientific, and technological education system as an instrument for promoting gender equality in computing.",SL de Farias,",",2023,4,"The field of computing faces a persistent and significant challenge regarding women’srepresentation. Despite technological and social advances, the female presence in this field …",https://ceur-ws.org/Vol-3607/paper18.pdf,https://ceur-ws.org/Vol-3607/paper18.pdf,"/home/lifa/resultados_geo_emi/pdfs/0113_The Brazilian professional, scientific, and technological education system as an.pdf"
O Uso da geotecnologia nas escolas: análise e proposta de estratégias de ensino a partir das habilidades da Ciências da Natureza na BNCC,CO Rosa - 2022 - lume.ufrgs.br,,2022,0,"… Nos dias de hoje, asgeotecnologiasestão presentes em muitas estruturas que organizam a… O uso degeotecnologiasna prática de ensino de geografia noensinomédiointegrado: um …",https://lume.ufrgs.br/handle/10183/238182,https://lume.ufrgs.br/bitstream/handle/10183/238182/001140372.pdf?sequence=1,
"Utilização das geotecnologias no ensino fundamental II e médio, nas disciplinas biologia, ciências e biologia",ME Alves - 2022 - repositorio.unesp.br,,2022,0,"… SANTOS, RS O uso degeotecnologiasna prática de ensino de Geografia noensinomédiointegrado: um experimento em educação proativa. Universidade Federal Rural do …",https://repositorio.unesp.br/items/d1e1b441-eaca-454d-b673-9ce6c1969b5b,https://repositorio.unesp.br/bitstreams/3f15f183-b479-428b-b815-0253cbab5fc0/download,"/home/lifa/resultados_geo_emi/pdfs/0016_Utilização das geotecnologias no ensino fundamental II e médio, nas disciplinas.pdf"
Recursos digitais na alfabetização cartográfica e no ensino de geografia,"AR Faria,",LGB Bianchini,2022,0,"… , a utilização dasgeotecnologiase das tecnologias oriundas dasgeotecnologias, comorecurso … As demais pesquisas foram desenvolvidas no Ensino Médio,EnsinoMédioIntegradoe …",https://periodicoscientificos.itp.ifsp.edu.br/index.php/rifp/article/view/818,https://periodicoscientificos.itp.ifsp.edu.br/index.php/rifp/article/download/818/395,/home/lifa/resultados_geo_emi/pdfs/0037_Recursos digitais na alfabetização cartográfica e no ensino de geografia.pdf
[CITAÇÃO] [C] Analysis of the transition of the land use and cover: subsidy to public policies of soil use in the Brazilian Savannah,HSC Pilatti,",",2022,2,,,,
O estudo de hormônios por meio de uma sequência didática contextualizada para ensino de funções orgânicas e suas propriedades,DAIR Nogueira - 2022 - repositorio.ufscar.br,,2022,0,… Esta pesquisa contou com a participação de 26 alunos do 3º ano doEnsinoMédioIntegradoao Técnico em Meio Ambiente tendo os alunos idade entre 15 e 16 anos. Os mesmos são …,https://repositorio.ufscar.br/server/api/core/bitstreams/a84733df-f676-4156-b8f1-8873399440fe/content,https://repositorio.ufscar.br/server/api/core/bitstreams/a84733df-f676-4156-b8f1-8873399440fe/content,/home/lifa/resultados_geo_emi/pdfs/0085_O estudo de hormônios por meio de uma sequência didática contextualizada para en.pdf
Arborização urbana como temática para a aprendizagem significativa de conceitos científicos,CB Santos - 2022 - lume.ufrgs.br,,2022,0,"A arborização urbana se faz necessária, pois traz inúmeras vantagens tais como: acaracterização do município, o aumento do bem-estar da população, a melhoria do visual, a …",https://lume.ufrgs.br/handle/10183/256824,https://lume.ufrgs.br/bitstream/handle/10183/256824/001164670.pdf?sequence=1,
"Dinâmicas urbanas e ambientais, representações sociais e práticas docentes","ALM Scabello,",BA da Silva Viana,2022,0,"… A segunda etapa se constituiu, tendo em vista uma melhor visualização espacial, naelaboração de mapas com aportes dasgeotecnologias, com a intenção de espacializar os …",https://www.academia.edu/download/105608585/Ebook_2022_3_SCABELLO_et_al_Dinamicas_urbanas_e_ambientais_representacoes_sociais_e_praticas_docentes.pdf,https://www.academia.edu/download/105608585/Ebook_2022_3_SCABELLO_et_al_Dinamicas_urbanas_e_ambientais_representacoes_sociais_e_praticas_docentes.pdf,
Impactos da pandemia de COVID-19 no ensino de Geografia: a vivência escolar de uma PEI pós-ensino não presencial,GC Alves - 2022 - repositorio.unesp.br,,2022,0,"O presente trabalho pretende analisar os impactos da pandemia de COVID-19 sobre oEnsino de Geografia, em específico as turmas de 8 e 9 ano do Ensino Fundamental II da rede …",https://repositorio.unesp.br/items/9effe3e9-f21d-4f75-a99d-4ddfc386f777,https://repositorio.unesp.br/bitstreams/de9f98ca-d250-4ac8-8728-28b95cbedceb/download,/home/lifa/resultados_geo_emi/pdfs/0103_Impactos da pandemia de COVID-19 no ensino de Geografia_ a vivência escolar de u.pdf
"Cartografia, Geografia e Geoprocessamento: um relato de experiência no curso Técnico de Informática integrado ao Ensino Médio do IFSP-Itapetininga/SP","JRF Silva, DO da Silva - Revista Cogitare, 2021 - ojs.ifsp.edu.br",,2021,0,… de Cartografia e Geografia juntamente com asgeotecnologias. Por meio do uso de mapaslocais … Oensinomédiointegradoao técnico dos Institutos Federais em todo o Brasil reúne as …,https://ojs.ifsp.edu.br/cogitare/article/view/1658,https://ojs.ifsp.edu.br/cogitare/article/download/1658/1207,"/home/lifa/resultados_geo_emi/pdfs/0008_Cartografia, Geografia e Geoprocessamento_ um relato de experiência no curso Téc.pdf"
PROCESSOS DA EDUCAÇÃO CIENTÍFICA EM CURSOS TÉCNICOS DA ESCOLA CIDADÃ INTEGRAL TÉCNICA PLÍNIO LEMOS,"JJA dos Santos, LMB Lopes… - TECNOLOGIAS …, 2021 - dspace.sti.ufcg.edu.br",,2021,0,"… cursos técnicos integrados ouensinomédiointegradoreferem-se ao … 11/2012 explicita que,noensinomédiointegradoà … (recursos naturais,geotecnologiase mapeamento temático) e …",https://dspace.sti.ufcg.edu.br/bitstream/riufcg/26606/1/E-BOOK%20-%20TECNOLOGIAS%20APLICADAS%20%C3%80S%20PESQUISAS%20GEO%2021%20-%20CTRN%202021.pdf#page=121,https://dspace.sti.ufcg.edu.br/bitstream/riufcg/26606/1/E-BOOK%20-%20TECNOLOGIAS%20APLICADAS%20%C3%80S%20PESQUISAS%20GEO%2021%20-%20CTRN%202021.pdf#page=121,
"E agora, para onde vai? proposta de atividade de ensino de cartografia à distância para alunos do ensino médio",SL Morais,",",2021,1,"… escolar e do emprego degeotecnologiasem sala de aula. Posteriormente, será …geotecnologiasno ambiente escolar, por outro lado, existem fatores que se colocam como …",https://www.academia.edu/download/71954304/23194.pdf,https://www.academia.edu/download/71954304/23194.pdf,
As metodologias ativas no processo de ensino-aprendizagem: alguns olhares para além da Cartografia,"ÉG Pires, DM Vallerius - … EMS et al. Geografia física e",geotecnologias,2021,1,"… A partir das diversas metodologias ativas existentes, optou-se por praticá-las junto a umaturma do 1 ano doensinomédiointegradoao técnico do Instituto Federal do Tocantins na …",http://www.precog.com.br/bc-texto/obras/2021pack0389.pdf#page=46,http://www.precog.com.br/bc-texto/obras/2021pack0389.pdf#page=46,/home/lifa/resultados_geo_emi/pdfs/0038_As metodologias ativas no processo de ensino-aprendizagem_ alguns olhares para a.pdf
Mapa Tátil do Instituto Federal de Goiás–Campus Valparaíso: Uma Experiência de Inclusão,"DP da Costa, GC Santos, KS de Castro… - Caderno de Estudos …, 2021 - cadegeo.uff.br",,2021,0,… do mapa tátil do Campus Valparaíso/IFG iniciou-se a partir da construção do croqui docampus onde a equipe optou por associar a utilização de ferramentas degeotecnologias(…,http://www.cadegeo.uff.br/index.php/cadegeo/article/download/81/59,http://www.cadegeo.uff.br/index.php/cadegeo/article/download/81/59,
Nós Propomos! Educação Geográfica na troca de experiências,AC Tazinasso - 2021 - tede.unioeste.br,,2021,2,"… (UPF), o qual se desenvolve com turmas de 2º ano do Centro deEnsinoMédioIntegrado.Por … Alberto Azevedo dos Santos, vinculado ao Sistema LABGIS – Núcleo deGeotecnologias…",https://tede.unioeste.br/handle/tede/5893,https://tede.unioeste.br/bitstream/tede/5893/5/Ana_Caroline_Tazinasso_2021.pdf,/home/lifa/resultados_geo_emi/pdfs/0076_Nós Propomos! Educação Geográfica na troca de experiências.pdf
Uso de histórias em quadrinhos como recurso didático no ensino de Geografia: uma possibilidade para trabalhar a categoria Lugar,"IM Martins, TCC Borges… - Revista de Iniciação à …, 2021 - periodicos2.uesb.br",,2021,0,O presente artigo fez uso das histórias em quadrinhos como um recurso didático objetivandouma aproximação teórica do estudo da categoria geográfica Lugar com a realidade dos …,https://periodicos2.uesb.br/index.php/rid/article/view/9313,https://periodicos2.uesb.br/index.php/rid/article/download/9313/6423,/home/lifa/resultados_geo_emi/pdfs/0082_Uso de histórias em quadrinhos como recurso didático no ensino de Geografia_ uma.pdf
[LIVRO] [B] Tecnologias e educação: Desafios e possibilidades,M Moretto,", CJA Feitoza - 2021 - books.google.com",2021,4,"Tecnologia e Educação: desafios e possibilidades, obra organizada pelas autoras MilenaMoretto e Claudia de Jesus Abreu Feitoza, tem como tema principal a importância do uso das …",https://books.google.com/books?hl=pt-BR&lr=&id=EZAtEAAAQBAJ&oi=fnd&pg=PT55&dq=%22geotecnologias%22+%22ensino+m%C3%A9dio+integrado%22&ots=Fcxwv3-aQW&sig=eogLPIhnTWhdjxXVotDZa1nSI0o,,
"Ubá, uma cidade quente? Um estudo do clima observado e percebido","FF Pacheco, A de Souza - ENTRE-LUGAR, 2021 - ojs.ufgd.edu.br",,2021,3,"O presente trabalho objetivou compreender a construção social da percepção climática doshabitantes das cidades de visconde do Rio Branco, Ubá e Tocantins, traçando um paralelo …",https://ojs.ufgd.edu.br/entre-lugar/article/view/11205,https://ojs.ufgd.edu.br/entre-lugar/article/download/11205/7906,"/home/lifa/resultados_geo_emi/pdfs/0089_Ubá, uma cidade quente_ Um estudo do clima observado e percebido.pdf"
"Da Lousa à Tela, da Trena oo Clique: Letramento Cartográfico no Ensino Médio Integrado",JM Penha - 2020 - repositorio.ifpb.edu.br,,2020,0,"Este estudo tem como objeto o letramento cartográfico de estudantes do Curso TécnicoIntegrado em Edificações (CTIE) do Instituto Federal de Educação, Ciência e Tecnologia da …",https://repositorio.ifpb.edu.br/handle/177683/1009,https://repositorio.ifpb.edu.br/bitstream/177683/1009/1/DISSERTA%C3%87%C3%83O_VERS%C3%83O%20FINAL_Jonas%20Marques%20da%20Penha.pdf,"/home/lifa/resultados_geo_emi/pdfs/0007_Da Lousa à Tela, da Trena oo Clique_ Letramento Cartográfico no Ensino Médio Int.pdf"
Design research e geotecnologias na educação básica sob a ótica da transdisciplinaridade,"JN Alves,",BL de Faria,2020,1,"… A intervenção didático-pedagógica aqui apresentada, foi motivada pela disciplina “Revoluçãodos Mapas” ofertada a alunos doEnsinoMédiointegradomatriculados nos …",https://rsdjournal.org/rsd/article/view/1996,https://rsdjournal.org/rsd/article/download/1996/1675,/home/lifa/resultados_geo_emi/pdfs/0015_Design research e geotecnologias na educação básica sob a ótica da transdiscipli.pdf
A aplicação do software Google Earth Pro como possibilidade de geotecnologia para o ensino de cartografia escolar em Geografia,"ÍRF Silva, RFP de Lima - Diversitas Journal, 2020 - diversitasjournal.com.br",,2020,8,… geográficos são denominadasGeotecnologias. “Asgeotecnologiaspodem ser entendidas… AsGeotecnologiasinseridas na Geografia Escolar podem ser uma ferramenta bastante …,https://diversitasjournal.com.br/diversitas_journal/article/view/1068,https://diversitasjournal.com.br/diversitas_journal/article/download/1068/940,/home/lifa/resultados_geo_emi/pdfs/0021_A aplicação do software Google Earth Pro como possibilidade de geotecnologia par.pdf
Políticas de educação em tempo integral no ensino médio público: análise georreferenciada do estado de São Paulo,MC Silva - 2020 - repositorio.unesp.br,,2020,0,… utilizougeotecnologiascomo ferramentas metodológicas auxiliares para dimensionar adesigualdade educacional no município do Rio de Janeiro. Tem-se como premissa que o …,https://repositorio.unesp.br/entities/publication/4fb44a57-604b-40c0-968b-a484effa7722,https://repositorio.unesp.br/bitstreams/c296e99d-1a46-4b7c-800e-3faa9795a58c/download,/home/lifa/resultados_geo_emi/pdfs/0026_Políticas de educação em tempo integral no ensino médio público_ análise georref.pdf
Delineando os saberes da geografia escolar no curso técnico em meio ambiente do IFMA-Campus Buriticupu: projeto de trabalho uma proposta integradora,JMP SILVA - 2020 - tedebc.ufma.br,,2020,0,… As turmas doensinomédiointegrado(1º ao 3º ano) funcionam nos turnos matutino evespertino. No noturno funcionam apenas as turmas do PROEJA (1º ao 3º ano) e as turmas dos …,http://www.tedebc.ufma.br:8080/jspui/handle/tede/3186,http://www.tedebc.ufma.br:8080/jspui/bitstream/tede/3186/2/JUCILEIDE-SILVA.pdf,/home/lifa/resultados_geo_emi/pdfs/0034_Delineando os saberes da geografia escolar no curso técnico em meio ambiente do.pdf
Ciências na pandemia: uma proposta pedagógica que envolve interdisciplinaridade e contextualização,"JN Alves,",BL de Faria,2020,33,"… Essa abordagem buscou auxiliar não só a compreensão dos fatos/fenômenos da pandemiapela integração e relação com os conteúdos programáticos doensinomédiointegrado, …",https://ojshomologa.ifsul.edu.br/thema/article/view/1850,https://ojshomologa.ifsul.edu.br/thema/article/download/1850/1566,
Diversitas Journal,"ÍRF Silva¹, RFP de Lima - Diversitas, 2020 - diversitasjournal.com.br",,2020,0,… geográficos são denominadasGeotecnologias. “Asgeotecnologiaspodem ser entendidas… AsGeotecnologiasinseridas na Geografia Escolar podem ser uma ferramenta bastante …,https://diversitasjournal.com.br/diversitas_journal/article/download/1068/940/4020,https://diversitasjournal.com.br/diversitas_journal/article/download/1068/940/4020,/home/lifa/resultados_geo_emi/pdfs/0053_Diversitas Journal.pdf
[LIVRO] [B] Educação Ambiental e Psicologia Positiva:: Interlocução Estratégica para a Promoção do Bem-Estar e da Sustentabilidade na Escola,PM Calixto,",",2020,1,"… ensino a partir da oferta de cursos de qualificação,ensinomédiointegrado, superior e pós… Neste livro interessa-nos a dimensão doensinomédiointegrado, o qual está assentado na …",https://books.google.com/books?hl=pt-BR&lr=&id=Lyb3DwAAQBAJ&oi=fnd&pg=PT87&dq=%22geotecnologias%22+%22ensino+m%C3%A9dio+integrado%22&ots=lm9nWsvCnk&sig=z3i5Eunz8rTstRC0PUxfml0ZohY,,
Controlador Fuzzy para Monitoramento Agrícola Contextualizado,"E Santos, C Santos, I Pereira, L Santos… - Escola Regional de …, 2020 - sol.sbc.org.br",,2020,0,… Essa mudança é derivada do uso dasGeotecnologiase da Inter- … O projeto foi desenvolvidopor alunos do terceiro ano doEnsinoMédioIntegradoao Técnico de Informática do …,https://sol.sbc.org.br/index.php/erbase/article/view/15468,https://sol.sbc.org.br/index.php/erbase/article/download/15468/15311,/home/lifa/resultados_geo_emi/pdfs/0072_Controlador Fuzzy para Monitoramento Agrícola Contextualizado.pdf
Ensinar Geografia no Ensino Médio Integrado : uma experiência no IFPA,"LBF do Sacramento, CN da Costa - Anais do 14° Encontro …, 2019 - ocs.ige.unicamp.br",,2019,1,"… Em segundo lugar, o uso dasgeotecnologiasde informação … Essasgeotecnologiasassociadas ao uso da internet e dos … , aula de campo egeotecnologias. As possibilidades e as …",http://ocs.ige.unicamp.br/ojs/anais14enpeg/article/view/3153,https://ocs.ige.unicamp.br/ojs/anais14enpeg/article/download/3153/3016,/home/lifa/resultados_geo_emi/pdfs/0003_Ensinar Geografia no Ensino Médio Integrado _ uma experiência no IFPA.pdf
Elaboração de mapas temáticos com estudantes do Ensino Médio através do QGIS,"JS dos Santos - Educitec-Revista de Estudos e Pesquisas …, 2019 - sistemascmc.ifam.edu.br",,2019,1,… as possibilidades de uma futura atuação profissional no âmbito dasgeotecnologias. … oano letivo pelos estudantes doEnsinoMédioIntegrado. O projeto objetivava demonstrar a …,https://sistemascmc.ifam.edu.br/educitec/index.php/educitec/article/view/847,https://sistemascmc.ifam.edu.br/educitec/index.php/educitec/article/download/847/351,/home/lifa/resultados_geo_emi/pdfs/0022_Elaboração de mapas temáticos com estudantes do Ensino Médio através do QGIS.pdf
MINHA GEOGRAFIA: SISTEMA DE INFORMAÇÃO GEOGRÁFICA (SIG) E A CONSTRUÇÃO DO CONHECIMENTO GEOGRÁFICO NO ENSINO BÁSICO,"EAM Barroso - Anais do 14° Encontro Nacional de Prática de …, 2019 - ocs.ige.unicamp.br",,2019,0,"… Ainda no contexto bibliográfico, a terceira parte, busca estabelecer as conexões entreGeotecnologiase a produção do conhecimento na Educação Básica. A quarta parte apresenta a …",http://ocs.ige.unicamp.br/ojs/anais14enpeg/article/view/3110,https://ocs.ige.unicamp.br/ojs/anais14enpeg/article/download/3110/2973,/home/lifa/resultados_geo_emi/pdfs/0027_MINHA GEOGRAFIA_ SISTEMA DE INFORMAÇÃO GEOGRÁFICA (SIG) E A CONSTRUÇÃO DO CONHEC.pdf
O LENpGEO e a atividade de pesquisa na escola: redescobrindo a paisagem urbana do bairro de São Cristóvão através do projeto “Nós Propomos!”,"LO da Silva,",VS Scalercio,2019,0,"… da 3ª série doEnsinoMédioIntegradodo curso de Meio … !’” e o uso dasGeotecnologiasno Ensino Básico: a Produção de … Aliando as discussões, o campo e asgeotecnologias…",https://portalespiral.cp2.g12.br/index.php/GIRAMUNDO/article/view/2532,https://portalespiral.cp2.g12.br/index.php/GIRAMUNDO/article/download/2532/1740,
Práticas pedagógica na educação profissional: um estudo sobre a cartografia social como metodologia de ensino em geografia,MS Pontes - 2019 - rima.ufrrj.br,,2019,0,"… O uso dasgeotecnologiasna …ensinomédiointegradoe subsequente. Hoje, além doscursos de Agropecuária, Administração e informática da modalidadeEnsinomédioIntegradoe …",https://rima.ufrrj.br/jspui/handle/20.500.14407/12422,https://rima.ufrrj.br/jspui/bitstream/20.500.14407/12422/3/2019%20-%20Mois%C3%A9s%20de%20Souza%20Pontes.pdf,/home/lifa/resultados_geo_emi/pdfs/0039_Práticas pedagógica na educação profissional_ um estudo sobre a cartografia soci.pdf
A Geografia escolar na contemporaneidade: uma análise a partir da perspectiva dos alunos do ensino médio da rede estadual no município de Nova Iguaçu-RJ,JS Oliveira Junior - 2019 - rima.ufrrj.br,,2019,0,"… Como foi mencionado, a geografia crítica, em seu apogeu enquanto paradigma geográfico,tentava ignorar asgeotecnologiase os aspectos físicos para dar uma ênfase maior a …",https://rima.ufrrj.br/jspui/handle/20.500.14407/13763,https://rima.ufrrj.br/jspui/bitstream/20.500.14407/13763/3/2019%20-%20Jardel%20da%20Silva%20Oliveira%20Junior.pdf,/home/lifa/resultados_geo_emi/pdfs/0059_A Geografia escolar na contemporaneidade_ uma análise a partir da perspectiva do.pdf
Levantamento de riscos ambientais através da análise de modo de falhas e efeitos nos laboratórios do Campus Recife/IFPE,FA Lira - 2019 - repositorio.ifpe.edu.br,,2019,0,"… O SIG utilizado nesta pesquisa foi o ArcGIS, disponível no Laboratório deGeotecnologiase Meio Ambiente do Campus Recife do IFPE. Para o mapa temático apresentando o NPR, …",https://repositorio.ifpe.edu.br/xmlui/handle/123456789/137,https://repositorio.ifpe.edu.br/xmlui/bitstream/handle/123456789/137/Levantamento%20de%20riscos%20ambientais%20atrav%C3%A9s%20da%20an%C3%A1lise%20de%20modo%20de%20falhas%20e%20efeitos%20nos%20laborat%C3%B3rios%20do%20Campus%20Recife%20%20IFPE.pdf?sequence=1,/home/lifa/resultados_geo_emi/pdfs/0090_Levantamento de riscos ambientais através da análise de modo de falhas e efeitos.pdf
Análise macroscópica da qualidade dos recursos hídricos das bacias hidrográficas dos córregos Lava-Pés e Pedrinhas em Silvânia/GO,"CEF da Silva, LL Ribeiro,",AS de Jesus,2019,1,… Possui experiência em pesquisa envolvendo avaliação de bacias hidrográficas com usodegeotecnologiascomo geoprocessamento e sensoriamento remoto aplicado a análises de …,https://periodicos.ifg.edu.br/tecnia/article/view/924,https://periodicos.ifg.edu.br/tecnia/article/download/924/755,/home/lifa/resultados_geo_emi/pdfs/0095_Análise macroscópica da qualidade dos recursos hídricos das bacias hidrográficas.pdf
[TXT] [TXT] Programa de Pós-Graduação em Educação,"AA da Silva - Silva, 2019 - repositorio.unesp.br",,2019,1,…Ensinomédiointegradoao técnico nas unidades do Centro Paula Souza ..................... 145…Ensinomédiointegradoao técnico nas unidades do Instituto Federal de São Paulo .... 147 …,https://repositorio.unesp.br/bitstreams/9f889696-3f32-48bc-8c36-0a70cf64e6bd/download,https://repositorio.unesp.br/bitstreams/9f889696-3f32-48bc-8c36-0a70cf64e6bd/download,
Avaliação dos danos ambientais provocados pelo desastre tecnológico da mineradora Vale SA no vale do rio Paraopeba,A Costa,",",2019,5,… em hidrogeomorfologia (com ênfase no estudo de áreas úmidas) egeotecnologias. …de sociologia para oEnsinoMédiointegrado. Lattes: http://lattes.cnpq.br/1514983457014668 …,https://www.revista.ueg.br/index.php/sapiencia/article/view/9414,https://www.revista.ueg.br/index.php/sapiencia/article/download/9414/7094,/home/lifa/resultados_geo_emi/pdfs/0111_Avaliação dos danos ambientais provocados pelo desastre tecnológico da minerador.pdf
Geotecnologias aplicadas ao ensino de geografia: um recurso tecnológico de aprendizado para o ensino médio.,MVC LOIOLA - 2018 - dspace.sti.ufcg.edu.br,,2018,2,"… O objetivo desse projeto foi de aplicar as possibilidades de uso degeotecnologiascomo …, onde 50% afirmaram saber o que sãogeotecnologiase que têm acesso a softwares do …",https://dspace.sti.ufcg.edu.br/handle/riufcg/896,https://dspace.sti.ufcg.edu.br/bitstream/riufcg/896/3/MARCUS%20VIN%C3%8DCIUS%20DO%20CARMO%20LOIOLA%20-%20ARTIGO%20PPGSA%20PROFISSIONAL%202018.pdf,
O ensino de cartografia escolar e geotecnologias em geografia através da utilização do Software Google Earth Pro,ÍRF Silva - 2018 - repositorio.ufal.br,,2018,0,…geotecnologiasnas turmas de terceiro ano do Ensino Médio de uma instituição escolarpública localizada no Distrito de Piau - Piranhas/AL. AsGeotecnologias… eGeotecnologiasno …,https://www.repositorio.ufal.br/handle/riufal/3668,https://www.repositorio.ufal.br/bitstream/riufal/3668/1/O%20ensino%20de%20cartografia%20escolar%20e%20geotecnologias%20em%20geografia%20atrav%C3%A9s%20da%20utiliza%C3%A7%C3%A3o%20do%20Software%20Google%20Earth%20Pro.pdf,/home/lifa/resultados_geo_emi/pdfs/0017_O ensino de cartografia escolar e geotecnologias em geografia através da utiliza.pdf
Da gestão à escuta uma análise sobre as experiências de clubes de rádio em escolas públicas de fortaleza,LBS Silva - 2018 - repositorio.ufc.br,,2018,1,"… pode possibilitar a compreensão de entendimento do lugar dos alunos doEnsinoMédioIntegradodo IFBA Campus Valença?” (p.15) Para isso, foram desenvolvidas oficinas, …",https://repositorio.ufc.br/handle/riufc/35836,https://repositorio.ufc.br/bitstream/riufc/35836/1/2018_dis_lbssilva.pdf,/home/lifa/resultados_geo_emi/pdfs/0104_Da gestão à escuta uma análise sobre as experiências de clubes de rádio em escol.pdf
Propriedade Termo-Óptica do Óleo de Maracujá,"MV da Silva Farias,",SC Zilio,2018,0,"O óleo de maracujá é rico em ômegas 3, 6 e 9 o que o torna um forte aliado no combate aflacidez da pele, além de possuir propriedades antioxidantes, as quais evitam o …",http://waltenomartins.com.br/periodico_campus_2018.pdf#page=116,http://waltenomartins.com.br/periodico_campus_2018.pdf#page=116,/home/lifa/resultados_geo_emi/pdfs/0107_Propriedade Termo-Óptica do Óleo de Maracujá.pdf
"Construção, Comparação e Agrupamento Automáticos de Mapas Conceituais Como Apoio a Atividades Pedagógicas","W Gaspar - Vitória, Espírito Santo, 2018 - sappg.ufes.br",,2018,1,"Este capítulo apresenta uma visão geral da pesquisa desenvolvida, o contexto em que elase insere, suas motivações, hipóteses, questões que nortearam seu desenvolvimento, assim …",https://sappg.ufes.br/tese_drupal/tese_12665_dissertacao%20Wagner%20final-merged.pdf,https://sappg.ufes.br/tese_drupal/tese_12665_dissertacao%20Wagner%20final-merged.pdf,"/home/lifa/resultados_geo_emi/pdfs/0108_Construção, Comparação e Agrupamento Automáticos de Mapas Conceituais Como Apoio.pdf"
O uso de geotecnologias na prática de ensino de geografia no ensino médio integrado : um experimento em educação proativa,RS Santos - 2017 - rima.ufrrj.br,,2017,0,"… de ensino da Geografia,geotecnologiase educação proativa; … Pôde se verificar que asgeotecnologiassão instrumentos … à medida que asgeotecnologiascontribuíram com o ensino …",https://rima.ufrrj.br/jspui/handle/20.500.14407/12617,https://rima.ufrrj.br/jspui/bitstream/20.500.14407/12617/3/2017%20-%20Rejiane%20de%20Souza%20Santos.pdf,/home/lifa/resultados_geo_emi/pdfs/0001_O uso de geotecnologias na prática de ensino de geografia no ensino médio integr.pdf
[CITAÇÃO] [C] … Educar pela Pesquisa com a Teoria das Representações Sociais: uma proposta possível para o espaço da aula de Química no Ensino Médio Integrado,CV Fonseca,"- Experiências em Ensino de Ciências, 2017",2017,4,,,,
O Exame Nacional do Ensino Médio (ENEM) e suas repercussões na avaliação da aprendizagem de Geografia,RJ Oliveira Júnior - 2017 - repositorio.ufrn.br,,2017,1,"… exploratória, 56 estudavam na Região Leste; 33 na Região Sul; 34 na Região Oeste e73 na Região Norte (incluindo duas escolas, sendo uma delas deEnsinoMédioIntegrado), …",https://repositorio.ufrn.br/bitstreams/a28ebeba-f81c-4cb0-a6ed-3d4fc7139b2e/download,https://repositorio.ufrn.br/bitstreams/a28ebeba-f81c-4cb0-a6ed-3d4fc7139b2e/download,
Caderno de Resumos da VII Semana de Produção Científica,"IFB Editora - EDITORA IFB, 2017 - arquivorevistaeixo.ifb.edu.br",,2017,0,… de Ciências: metodologia diversificada para o preparo dos licenciandos Active learning:experiências de aprendizagem significativa baseada em projetos noensinomédiointegrado. …,https://arquivorevistaeixo.ifb.edu.br/index.php/editoraifb/article/view/537/305,https://arquivorevistaeixo.ifb.edu.br/index.php/editoraifb/article/view/537/305,/home/lifa/resultados_geo_emi/pdfs/0069_Caderno de Resumos da VII Semana de Produção Científica.pdf
A importância do conhecimento geotecnológico no curso técnico em recursos pesqueiros do IFRN,"G Albino,",P Araújo,2017,2,"… Dentre as quais, destacamos asgeotecnologiascomo protagonistas do nosso estudo. O …apenas no Campus Macau, comoEnsinoMédioIntegrado, quando os conhecimentos técnicos …",https://memoria.ifrn.edu.br/handle/1044/1863,https://memoria.ifrn.edu.br/bitstream/handle/1044/1863/Fran%C3%A7a%20et%20al%20%282017%29.pdf?sequence=1&isAllowed=y,/home/lifa/resultados_geo_emi/pdfs/0071_A importância do conhecimento geotecnológico no curso técnico em recursos pesque.pdf
[CITAÇÃO] [C] PRÁTICA PEDAGÓGICA EM EDUCAÇÃO AMBIENTAL,"SF Angelo, LL Amaral - IX Encontro ANPAE-ES (2017), 2017",,2017,0,,,,
Anais do 35º Seminário de Extensão Universitária da Região Sul,BP Stoeckl,- 2017 - academia.edu,2017,0,… 1177 UFPELGeotecnologiascomo recurso didático na educação básica. 1183 UFPELMural G-Biotec: Sete anos divulgando a ciência e a biotecnologia. 1189 UFPEL Ação em saúde …,https://www.academia.edu/download/125595251/187765526.pdf,https://www.academia.edu/download/125595251/187765526.pdf,
O FACEBOOK COMO COADJUVANTE NO ENSINO–APRENDIZAGEM DE TEXTOS: UMA PROPOSTA METODOLÓGICA PARA O ENSINO MÉDIO,"CSM Nogueira - Salvador/Bahia/Brasil Novembro/2016, 2016 - grupodepesquisafortec.com",,2016,0,"… do 2º ano doensinomédiointegradoao curso técnico de … , os estudos sobre asGeotecnologiasna articulação de … com as potencialidades dasgeotecnologiase seus princípios …",https://www.grupodepesquisafortec.com/_files/ugd/41c13d_8ed7f88cf6224819989099334c07621f.pdf#page=128,https://www.grupodepesquisafortec.com/_files/ugd/41c13d_8ed7f88cf6224819989099334c07621f.pdf#page=128,/home/lifa/resultados_geo_emi/pdfs/0030_O FACEBOOK COMO COADJUVANTE NO ENSINO–APRENDIZAGEM DE TEXTOS_ UMA PROPOSTA METOD.pdf
[CITAÇÃO] [C] Perfil e perspectivas do aluno do curso técnico integrado em agropecuária do IFRO–Campus Ariquemes,"Q da Silva Rosa, FA da Silva, V Schoaba… - Revista Edutec, 2016",,2016,2,,,,
"[CITAÇÃO] [C] GEOTECNOLOGIAS NA AVALIAÇÃO DAS ÁREAS DE PRESERVAÇÃO PERMANENTE NA MICROBACIA CÓRREGO DA VARGEM, SÃO ROQUE-SP","AM BRITO, F NOGUEIRA,",RA VALENTE,2016,0,Objetivo: esse trabalho teve como principal objetivo verificar se as Áreas de PreservaçãoPermanente na microbacia Córrego da Vargem situada no município de São Roque estão de …,https://itp.ifsp.edu.br/ojs/index.php/nutecca/article/view/571,,
[CITAÇÃO] [C] PAGAMENTO POR SERVIÇOS AMBIENTAIS PARA A PROTEÇÃO DE RECURSOS HÍDRICOS: CASO IBIÚNA-SP,"FS ROSA,",KC TONELLO,2016,0,"… Posteriormente, foram utilizadasgeotecnologiasvisando determinar e quantificar localidadesprioritárias para conservação e restauração. A primeira etapa consistiu: na sistematização …",https://itp.ifsp.edu.br/ojs/index.php/nutecca/article/view/588,,
O YouTube como ferramenta pedagógica no ensino de geografia,CM Schmitt - 2015 - lume.ufrgs.br,,2015,6,"A globalização trouxe mudanças significativas em todas as áreas da sociedade. As mídiase TIC têm contribuído especialmente para uma nova forma de viver, se comunicar, e de …",https://lume.ufrgs.br/handle/10183/133982,https://lume.ufrgs.br/bitstream/handle/10183/133982/000978838.pdf?sequence,/home/lifa/resultados_geo_emi/pdfs/0074_O YouTube como ferramenta pedagógica no ensino de geografia.pdf
Análise do território da estratégia saúde da família por meio do geoprocessmento,AMR Pereira - 2015 - tedebc.ufma.br,,2015,0,"This study demonstrates the use of GIS by a FHS team, located in the most normal clustersof St. Louis, the neighborhood of Coroadinho, in order to describe and analyze the team's …",http://www.tedebc.ufma.br:8080/jspui/handle/tede/1616,http://www.tedebc.ufma.br:8080/jspui/bitstream/tede/1616/2/AntonildePereira.pdf,/home/lifa/resultados_geo_emi/pdfs/0115_Análise do território da estratégia saúde da família por meio do geoprocessmento.pdf
AVALIAÇÃO DA VISITAÇÃO DE INSETOS NA FLORADA DO NIM (Azadirachta indica) EM CÁCERES-MT,"GM da Costa Silva… - UNEMAT, IFMT …, 2014 - mostra.ceicim.com.br",,2014,0,"A Azadirachta indica, comumente chamada de Neem ou Nim é uma planta pertencente àfamília Meliaceae, como o mogno. O porte da árvore pode variar de 15 a 20 m de altura, com …",https://www.mostra.ceicim.com.br/wp-content/uploads/2026/03/10aMOSTRA-_Anais_2023.pdf#page=55,https://www.mostra.ceicim.com.br/wp-content/uploads/2026/03/10aMOSTRA-_Anais_2023.pdf#page=55,/home/lifa/resultados_geo_emi/pdfs/0099_AVALIAÇÃO DA VISITAÇÃO DE INSETOS NA FLORADA DO NIM (Azadirachta indica) EM CÁCE.pdf
O programa de extensão universitária Proext no contexto das políticas educacionais no período de 2003 a 2012: uma análise a partir da experiência da Universidade …,VM Rodrigues - 2014 - repositorio.ufu.br,,2014,6,"This research has as a survey object the University Extension Program -Proext (in Portuguese),in the context of the university education\'s policiesand its implication in the university …",http://repositorio.ufu.br/handle/123456789/13999,https://repositorio.ufu.br/bitstream/123456789/13999/1/ProgramaExtensaoUniversitariaProex.pdf,/home/lifa/resultados_geo_emi/pdfs/0114_O programa de extensão universitária Proext no contexto das políticas educaciona.pdf
A Educação Tecnológica no IFAM/Campus Manaus/Zona Leste na perspectiva de Gênero,DC de Freitas,- 2012 - riu.ufam.edu.br,2012,0,"… O Decreto de 2004 implementou oensinomédiointegrado, mas continuou permitindo outras… médio e profissional, o que traz problemas na implantação doensinomédiointegrado. …",https://riu.ufam.edu.br/handle/prefix/2789,https://riu.ufam.edu.br/bitstream/prefix/2789/1/PIBSA00292011.pdf,/home/lifa/resultados_geo_emi/pdfs/0070_A Educação Tecnológica no IFAM_Campus Manaus_Zona Leste na perspectiva de Gênero.pdf
Oficina pedagógica ambiental: proposição de um IQA e utilização do software Google Earth™ em um curso técnico integrado em meio ambiente,SX Campos,",",2011,1,"… No caso da formação integrada ou doensinomédiointegradoao ensino técnico, queremosque a educação geral se torne parte inseparável da educação profissional em todos os …",https://www.scielo.br/j/er/a/tn7tV5DFGMPLb3pLYbYXdjC/?lang=pt,https://www.scielo.br/j/er/a/tn7tV5DFGMPLb3pLYbYXdjC/?format=pdf&lang=pt,/home/lifa/resultados_geo_emi/pdfs/0042_Oficina pedagógica ambiental_ proposição de um IQA e utilização do software Goog.pdf
O USO DE GEOTECNOLOGIAS DE SIG E SENSORIAMENTO REMOTO POR ALUNOS DO ENSINO MÉDIO COMO FERRAMENTA DE ANÁLISE DE …,MA Deina,- marte2.sid.inpe.br,,0,… a mesma foi desenvolvida por alunos doensinomédiointegradoa um curso técnico e por… de iniciação à pesquisa com uso degeotecnologiascom jovens ainda no ensino básico são …,http://marte2.sid.inpe.br/attachment.cgi/sid.inpe.br/marte2/2019/09.06.12.22/doc/97329.pdf,http://marte2.sid.inpe.br/attachment.cgi/sid.inpe.br/marte2/2019/09.06.12.22/doc/97329.pdf,/home/lifa/resultados_geo_emi/pdfs/0002_O USO DE GEOTECNOLOGIAS DE SIG E SENSORIAMENTO REMOTO POR ALUNOS DO ENSINO MÉDIO.pdf
GEOTECNOLOGIAS NO ENSINO DE GEOGRAFIA NA EDUCAÇÃO BÁSICA–ÁREAS COM RISCO DE INUNDAÇÃO NO MUNICÍPIO DE BELO HORIZONTE …,"ÉA de Oliveira, RCS de Oliveira,",FCP Tiago,,0,"… Nesta práxis interdisciplinar de Geografia e Biologia, realizada com duas turmas do 2º anodoEnsinoMédioIntegradodo CEFET-MG, buscou-se desvelar os mecanismos de tomada …",https://www.editorarealize.com.br/editora/anais/conedu/2023/TRABALHO_COMPLETO_EV185_MD1_ID5214_TB86_06102023220652.pdf,https://www.editorarealize.com.br/editora/anais/conedu/2023/TRABALHO_COMPLETO_EV185_MD1_ID5214_TB86_06102023220652.pdf,/home/lifa/resultados_geo_emi/pdfs/0004_GEOTECNOLOGIAS NO ENSINO DE GEOGRAFIA NA EDUCAÇÃO BÁSICA–ÁREAS COM RISCO DE INUN.pdf
"QUALIDADE DE VIDA/ESTUDOS E MOBILIDADE ESPACIAL DE ALUNOS DO ENSINO MÉDIO INTEGRADO DO CEFET–MG, CAMPUS I, BELO HORIZONTE","RCS de Oliveira, ÉA de Oliveira,",FCP Tiago,,0,"… diária de parte dos discentes doEnsinoMédioIntegradodo CEFET/MG Campus I, em Belo… e fortalecermos a importância dasgeotecnologiascomo ferramentas para entendermos …",https://www.editorarealize.com.br/editora/anais/conedu/2023/6581acf62dc31_19122023114718.pdf,https://www.editorarealize.com.br/editora/anais/conedu/2023/6581acf62dc31_19122023114718.pdf,/home/lifa/resultados_geo_emi/pdfs/0006_QUALIDADE DE VIDA_ESTUDOS E MOBILIDADE ESPACIAL DE ALUNOS DO ENSINO MÉDIO INTEGR.pdf
16 Geotecnologias e Ensino de Geografia: experiências no PPGGEO-UFRRJ,GM de Sousa,",",,0,… programa analítico previsto na disciplinaGeotecnologiasAplicadas no Ensino de Geografia… O uso degeotecnologiasna prática de ensino de geografia noensinomédiointegrado: um …,https://www.editora.unimontes.br/wp-content/uploads/2024/07/E-book-Geografia-desenvolvimento-e-luta-politica_Final_compressed-2.pdf#page=246,https://www.editora.unimontes.br/wp-content/uploads/2024/07/E-book-Geografia-desenvolvimento-e-luta-politica_Final_compressed-2.pdf#page=246,/home/lifa/resultados_geo_emi/pdfs/0010_16 Geotecnologias e Ensino de Geografia_ experiências no PPGGEO-UFRRJ.pdf
GEOTECNOLOGIAS ASSOCIADAS AO TRABALHO DE CAMPO PARA UMA EDUCAÇÃO GEOGRÁFICA SIGNIFICATIVA,"TD de Santana¹, CD Torres,",VS Scalercio,,0,… deGeotecnologiasassociadas à Cartografia no processo de Letramento Geográfico. …pedagógicos das aulas de Geografia doEnsinoMédioIntegrado(Técnico em Meio Ambiente). …,http://www.cartografia.org.br/cbc/2017/trabalhos/7/fullpaper/CT07-25_1506800129.pdf,http://www.cartografia.org.br/cbc/2017/trabalhos/7/fullpaper/CT07-25_1506800129.pdf,/home/lifa/resultados_geo_emi/pdfs/0013_GEOTECNOLOGIAS ASSOCIADAS AO TRABALHO DE CAMPO PARA UMA EDUCAÇÃO GEOGRÁFICA SIGN.pdf
[CITAÇÃO] [C] O SENSORIAMENTO REMOTO COMO RECURSO DIDÁTICO NO ENSINO DA GEOGRAFIA,GFE,GEOTECNOLOGIAS,,0,,,,
PLANO DE CURSO,"CTEM AGROPECUÁRIA, IAOE MÉDIO - ifb.edu.br",,,0,"Este Plano de Curso constitui-se em instrumento orientador do Curso Técnico emAgropecuária Subsequente/Concomitante ao Ensino Médio, na modalidade EaD ofertado pelo …","https://www.ifb.edu.br/attachments/article/29620/Plano%20de%20Curso%20T%C3%A9cnico%20Agropecu%C3%A1ria,%20na%20Modalidade%20EaD.pdf","https://www.ifb.edu.br/attachments/article/29620/Plano%20de%20Curso%20T%C3%A9cnico%20Agropecu%C3%A1ria,%20na%20Modalidade%20EaD.pdf",/home/lifa/resultados_geo_emi/pdfs/0018_PLANO DE CURSO.pdf
GEOGRAFIA NA EDUCAÇÃO BÁSICA–AREAS COM RISCO DE INUNDAÇÃO NO MUNICÍPIO,FCP Tiago,- academia.edu,,0,"… e Biologia, realizada com duas turmas do 2 ano doEnsinoMédioIntegradodo CEFET-MG, …O emprego degeotecnologiase demais ferramentas acessíveis (sensoriamento remoto, …",https://www.academia.edu/download/116390758/artigo_Geotecnologias_no_ensino_de_Geografia_na_Ed_Basica.pdf,https://www.academia.edu/download/116390758/artigo_Geotecnologias_no_ensino_de_Geografia_na_Ed_Basica.pdf,
USO DA TECNOLOGIA COMO RECURSO DIDÁTICO NO ENSINO DE GEOGRAFIA NO INSTITUTO FEDERAL DO PARÁ,"CP da Conceição, LF de Sena Silva, LM da Luz - editorarealize.com.br",,,0,"… executada no Programa de Residência Pedagógica durante o 1 semestre letivo no InstitutoFederal do Pará – Campus Belém, com a turma de 1 ano doensinomédiointegradoao …",https://www.editorarealize.com.br/editora/anais/enalic/2023/TRABALHO_COM_IDENT_EV190_MD3_ID8869_TB1766_04102023001831.pdf,https://www.editorarealize.com.br/editora/anais/enalic/2023/TRABALHO_COM_IDENT_EV190_MD3_ID8869_TB1766_04102023001831.pdf,/home/lifa/resultados_geo_emi/pdfs/0020_USO DA TECNOLOGIA COMO RECURSO DIDÁTICO NO ENSINO DE GEOGRAFIA NO INSTITUTO FEDE.pdf
O USO DO SOFTWARE GOOGLE EARTH PRO COMO RECURSO DIDÁTICO NAS AULAS DE GEOGRAFIA DO PRIMEIRO ANO DO ENSINO MÉDIODO IFPI …,FW de Araujo Sousa,- researchgate.net,,0,"… Asgeotecnologias, o que inclui as imagens de satélites e alguns programas, constituem …, com turmas do 1º a 3º ano doEnsinoMédioIntegrado. A instituição também conta com os …",https://www.researchgate.net/profile/Francisco-Wellington-De-Araujo-Sousa/publication/372230404_O_USO_DO_SOFTWARE_GOOGLE_EARTH_PRO_COMO_RECURSO_DIDATICO_NAS_AULAS_DE_GEOGRAFIA_DO_PRIMEIRO_ANO_DO_ENSINO_MEDIODO_IFPI_CAMPUS_OEIRAS/links/64aab53bc41fb852dd6118c4/O-USO-DO-SOFTWARE-GOOGLE-EARTH-PRO-COMO-RECURSO-DIDATICO-NAS-AULAS-DE-GEOGRAFIA-DO-PRIMEIRO-ANO-DO-ENSINO-MEDIODO-IFPI-CAMPUS-OEIRAS.pdf,https://www.researchgate.net/profile/Francisco-Wellington-De-Araujo-Sousa/publication/372230404_O_USO_DO_SOFTWARE_GOOGLE_EARTH_PRO_COMO_RECURSO_DIDATICO_NAS_AULAS_DE_GEOGRAFIA_DO_PRIMEIRO_ANO_DO_ENSINO_MEDIODO_IFPI_CAMPUS_OEIRAS/links/64aab53bc41fb852dd6118c4/O-USO-DO-SOFTWARE-GOOGLE-EARTH-PRO-COMO-RECURSO-DIDATICO-NAS-AULAS-DE-GEOGRAFIA-DO-PRIMEIRO-ANO-DO-ENSINO-MEDIODO-IFPI-CAMPUS-OEIRAS.pdf,
GEOGRÁFICA SIGNIFICATIVA,GAAOT DE CAMPO - cartografia.org.br,,,0,… deGeotecnologiasassociadas à Cartografia no processo de Letramento Geográfico. …pedagógicos das aulas de Geografia doEnsinoMédioIntegrado(Técnico em Meio Ambiente). …,http://www.cartografia.org.br/cbc/trabalhos/7/494/CT07-25_1506800129.pdf,http://www.cartografia.org.br/cbc/trabalhos/7/494/CT07-25_1506800129.pdf,/home/lifa/resultados_geo_emi/pdfs/0025_GEOGRÁFICA SIGNIFICATIVA.pdf
UNIVERSIDADE TECNOLÓGICA INTERCONTINENTAL-UTIC FACULDADE DE CIÊNCIAS HUMANAS E CIÊNCIAS EXATAS-FACHCE MESTRADO EM …,RA CAVALCANTE - utic.edu.py,,,0,"… Procurou-se também compreender como asgeotecnologias… o uso adequado dasgeotecnologiasno ensino da Geografia, … em três turmas doEnsinoMédioIntegradono IFPA …",https://www.utic.edu.py/repositorio/Tesis/Postgrado/MICT/RAQUEL%20ALVES%20CAVALCANTE.pdf,https://www.utic.edu.py/repositorio/Tesis/Postgrado/MICT/RAQUEL%20ALVES%20CAVALCANTE.pdf,/home/lifa/resultados_geo_emi/pdfs/0032_UNIVERSIDADE TECNOLÓGICA INTERCONTINENTAL-UTIC FACULDADE DE CIÊNCIAS HUMANAS E C.pdf
O LUGAR DA PESQUISA NA EDUCAÇÃO,RPDES MOREIRA,- cdi.uneb.br,,0,… para modalidades doEnsinoMédioIntegrado(áreas de … as turmas doEnsinoMédioIntegradopredominante de um … uma concepção de que asgeotecnologiassão geradas pelo …,http://www.cdi.uneb.br/site/wp-content/uploads/2016/02/ROSANGELA-PATR%C3%8DCIA-DE-SOUSA-MOREIRA.pdf,http://www.cdi.uneb.br/site/wp-content/uploads/2016/02/ROSANGELA-PATR%C3%8DCIA-DE-SOUSA-MOREIRA.pdf,/home/lifa/resultados_geo_emi/pdfs/0040_O LUGAR DA PESQUISA NA EDUCAÇÃO.pdf
GEOPOSSÍVEL,"ÉA DE OLIVEIRA, FDACP TIAGO, AM CAMPOS… - academia.edu",,,0,"… As vivências orientadas para os alunos do 2º ano (seis turmas) doEnsinoMédioIntegradodo CEFET – MG tiveram, como marco inicial, outras narrativas verossímeis a partir dos “…",https://www.academia.edu/download/115553718/livro_Grupo_Geopossivel.pdf,https://www.academia.edu/download/115553718/livro_Grupo_Geopossivel.pdf,
[CITAÇÃO] [C] A RÁDIO DA ESCOLA NA ESCOLA DA RÁDIO: EDUCAÇÃO GEOGRÁFICA E AS TIC NAS ASPIRAÇÕES E TRANSPIRAÇÕES DO LUGAR ROSANGELA …,KSS ARAÚJO,,,0,,,,
A IMPORTÂNCIA DOS RECURSOS DIDÁTICOS NA PERSPECTIVA DO ENSINO/APRENDIZAGEM EM GEOGRAFIA: RELATO DE EXPERIÊNCIA COMO …,HM de Sena - III Simpósio de Ensino de Geografia - iiisimpeg.wordpress.com,,,0,"… de 153 questionários para alunos doensinomédiointegradono Instituto Federal do Piauí,… Dessa forma, é importante frisar a importância dasgeotecnologiasno ensino por aproximar …",https://iiisimpeg.wordpress.com/wp-content/uploads/2017/11/anais-completo-iii-simpeg.pdf#page=92,https://iiisimpeg.wordpress.com/wp-content/uploads/2017/11/anais-completo-iii-simpeg.pdf#page=92,/home/lifa/resultados_geo_emi/pdfs/0046_A IMPORTÂNCIA DOS RECURSOS DIDÁTICOS NA PERSPECTIVA DO ENSINO_APRENDIZAGEM EM GE.pdf
CAMPUS UNIVERSITÁRIO DO CEDETEG SETOR DE CIÊNCIAS AGRÁRIAS E AMBIENTAIS–SEAA/G PROGRAMA DE PÓS-GRADUAÇÃO EM GEOGRAFIA …,"J MORITZ, MLNAG ESCOLAR - researchgate.net",,,0,"… Unicentro, no Instituto Federal do Paraná (IFPR), campus Umuarama, envolvendo 27estudantes doEnsinoMédioIntegrado. As atividades incluíram investigação do espaço vivido, …",https://www.researchgate.net/profile/Jaqueline-Moritz/publication/404191224_MULTIPLAS_LINGUAGENS_NA_GEOGRAFIA_ESCOLAR_CONTRIBUICOES_PARA_O_DESENVOLVIMENTO_DO_PENSAMENTO_GEOGRAFICO_E_ATUACAO_CIDADA/links/69ecb627751e8801513d71eb/MULTIPLAS-LINGUAGENS-NA-GEOGRAFIA-ESCOLAR-CONTRIBUICOES-PARA-O-DESENVOLVIMENTO-DO-PENSAMENTO-GEOGRAFICO-E-ATUACAO-CIDADA.pdf,https://www.researchgate.net/profile/Jaqueline-Moritz/publication/404191224_MULTIPLAS_LINGUAGENS_NA_GEOGRAFIA_ESCOLAR_CONTRIBUICOES_PARA_O_DESENVOLVIMENTO_DO_PENSAMENTO_GEOGRAFICO_E_ATUACAO_CIDADA/links/69ecb627751e8801513d71eb/MULTIPLAS-LINGUAGENS-NA-GEOGRAFIA-ESCOLAR-CONTRIBUICOES-PARA-O-DESENVOLVIMENTO-DO-PENSAMENTO-GEOGRAFICO-E-ATUACAO-CIDADA.pdf,
[CITAÇÃO] [C] O PROJETO A RADIO DA ESCOLA NA ESCOLA DA RÁDIO NO IFBA CAMPUS VALENÇA POTENCIALIZANDO E POSSIBILITANDO O ENTENDIMENTO …,RPDES MOREIRA,", KSS ARAÚJO",,0,,,,
A RELEVÂNCIA DO OLHAR GEOGRÁFICO PARA AS METODOLOGIAS ATIVAS NO ENSINO DA GEOGRAFIA FÍSICA,"MTG de Sousa, ABLF Dias, RF da Silva, DL dos Santos… - editorarealize.com.br",,,0,"… para melhorar o ensino da Geografia Física como o uso de geozines, oficinas de solo, decartografia, o estudo do meio, a rotação por estações e a integração com asgeotecnologias. …",https://www.editorarealize.com.br/editora/anais/sbgfa/2024/TRABALHO_COMPLETO_EV206_MD1_ID89_TB125_21082024160735.pdf,https://www.editorarealize.com.br/editora/anais/sbgfa/2024/TRABALHO_COMPLETO_EV206_MD1_ID89_TB125_21082024160735.pdf,/home/lifa/resultados_geo_emi/pdfs/0051_A RELEVÂNCIA DO OLHAR GEOGRÁFICO PARA AS METODOLOGIAS ATIVAS NO ENSINO DA GEOGRA.pdf
MESTRADO EM EDUCAÇÃO CÂMPUS DE FREDERICO WESTPHALEN ÁREA DE CONCENTRAÇÃO EM EDUCAÇÃO,MADER FURTADO - ppgedu.fw.uri.br,,,0,…geotecnologiascomo instrumentos pedagógicos no ensino da geografia no primeiro anodoEnsinoMédioIntegrado… Outro trabalho relevante “Asgeotecnologiasno ensino de …,https://ppgedu.fw.uri.br/storage/siteda4b9237bacccdf19c0760cab7aec4a8359010b0/dissertacoes/discente273/arq_1702666076.pdf,https://ppgedu.fw.uri.br/storage/siteda4b9237bacccdf19c0760cab7aec4a8359010b0/dissertacoes/discente273/arq_1702666076.pdf,/home/lifa/resultados_geo_emi/pdfs/0056_MESTRADO EM EDUCAÇÃO CÂMPUS DE FREDERICO WESTPHALEN ÁREA DE CONCENTRAÇÃO EM EDUC.pdf
"UNIVERSIDADE TIRADENTES–UNIT PRÓ-REITORIA DE PÓS-GRADUAÇÃO, PESQUISA E EXTENSÃO-PPGPE PROGRAMA DE PÓS-GRADUAÇÃO EM …",IS ALBUQUERQUE - mestrados.unit.br,,,0,"… Assim, em 2011, após ser aprovada em um concurso para a Rede Federal de Ensino, passeia lecionar Geografia em turmas doensinomédiointegradoe em um curso de licenciatura. …",https://mestrados.unit.br/pped/wp-content/uploads/sites/2/2025/05/Versao-atualizada_Tese-de-ISABELA-SANTOS-ALBUQUERQUE_UNIT_PDF.pdf,https://mestrados.unit.br/pped/wp-content/uploads/sites/2/2025/05/Versao-atualizada_Tese-de-ISABELA-SANTOS-ALBUQUERQUE_UNIT_PDF.pdf,
PROJETO PEDAGÓGICO DO CURSO TÉCNICO EM AGROPECUÁRIA,"CIAOE MÉDIO, G DO NORTE-MT - sig.ifsudestemg.edu.br",,,0,"… Nesta perspectiva, oensinomédiointegradoaparece como uma importante proposta paraqualificar a educação básica, considerando o grande número de jovens com direito a cursar …",https://sig.ifsudestemg.edu.br/sigaa/verProducao?idProducao=2214684&key=3105c65f847cdd902213d1adbaab3f35,https://sig.ifsudestemg.edu.br/sigaa/verProducao?idProducao=2214684&key=3105c65f847cdd902213d1adbaab3f35,
PROJETO PEDAGÓGICO DE CURSO DE GRADUAÇÃO,"GLDEOE ÓRGÃOS, DOC DE VINCULAÇÃO… - unicentro.br",,,0,"… entender antes o significado doensinomédiointegrado, que, de acordo com FRIGOTTO(2005, p. 15): “(...) podemos qualificar oensinomédiointegradocomo uma proposta de „…",https://www3.unicentro.br/proen/wp-content/uploads/sites/41/2022/12/PPC-Geografia_lic-2023.pdf,https://www3.unicentro.br/proen/wp-content/uploads/sites/41/2022/12/PPC-Geografia_lic-2023.pdf,/home/lifa/resultados_geo_emi/pdfs/0073_PROJETO PEDAGÓGICO DE CURSO DE GRADUAÇÃO.pdf
ENADE: o caso do curso superior de Tecnologia em Gestão Ambiental do IFRS–Campus Porto Alegre,CM Escott,", LC Furquim, AF Cristani - repositorio.ufba.br",,0,"… da biodiversidade e áreas protegidas;Geotecnologias; Licenciamento ambiental; Avaliaçãode … RAMOS, VS Oensinomédiointegradoe a bolsa-formação estudante do Pronatec no …",https://repositorio.ufba.br/handle/ri/31137,https://repositorio.ufba.br/ri/bitstream/ri/31137/1/ENADE-O-CASO-DO-CURSO-SUPERIOR-DE-TECNOLOGIA-EM-GEST%C3%83O-AMBIENTAL-DO-IFRS%E2%80%93CAMPUS-PORTO-ALEGRE.pdf,/home/lifa/resultados_geo_emi/pdfs/0075_ENADE_ o caso do curso superior de Tecnologia em Gestão Ambiental do IFRS–Campus.pdf
PRÓ-REITORIA DE PESQUISA E PÓS-GRADUAÇÃO PROGRAMA DE PÓS-GRADUAÇÃO EM EDUCAÇÃO E ENSINO DE CIÊNCIAS NA AMAZÔNIA …,EDONS DE OLIVEIRA - pos.uea.edu.br,,,0,"O estudante brasileiro levará em torno de 12 (doze) anos para concluir a sua caminhada noensino básico. Ao longo deste percurso, será guiado por documentos específicos ao ciclo …",https://pos.uea.edu.br/data/area/titulado/download/124-4.pdf,https://pos.uea.edu.br/data/area/titulado/download/124-4.pdf,
"ET 01-A Geomorfologia no contexto das mudanças ambientais: novos avanços teóricos, tecnológicos e no campo das aplicações.","POREHNOA DE, BDA SÃO JOÃO… - sbgfa.com.br",,,0,…GEOTECNOLOGIASE CLIMA URBANO NA AMAZÔNIA: UMA ANÁLISE EM CANAÃ DOS… ET 06 - AsGeotecnologiase os novos avanços no campo da análise espacial e geográfica …,https://sbgfa.com.br/evento/gerenciador-arquivo/files/67084e931df03.pdf,https://sbgfa.com.br/evento/gerenciador-arquivo/files/67084e931df03.pdf,
RESOLUCAO Nº89/2025/CAMEN/IFSULDEMINAS,"EMI tuto Federal, C de Educação, TS de Minas Gerais… - portal.ifsuldeminas.edu.br",,,0,"… , uma vez que a aplicação dasgeotecnologiasé essencial em diversos setores 4 construção… , preservando os princípios que orientam a formação integral noEnsinoMédioIntegrado. …",https://portal.ifsuldeminas.edu.br/images/Resolu%C3%A7%C3%B5es_Camen/2025/Resolu%C3%A7%C3%A3o_CAMEN_89_2025.pdf,https://portal.ifsuldeminas.edu.br/images/Resolu%C3%A7%C3%B5es_Camen/2025/Resolu%C3%A7%C3%A3o_CAMEN_89_2025.pdf,/home/lifa/resultados_geo_emi/pdfs/0081_RESOLUCAO Nº89_2025_CAMEN_IFSULDEMINAS.pdf
TECNOLOGIA EM GESTÃO AMBIENTAL,CSÃOJ DEL-REI - ifsudestemg.edu.br,,,0,"… também a criação dos cursos:EnsinoMédioIntegradoem Meio Ambiente e do Ensino …sustentável; • Manipular, gerar e analisar dados espaciais obtidos por meio deGeotecnologias; …",https://www.ifsudestemg.edu.br/convocacoes/sjdr/conselho-de-campus/2024/reuniao-ordinaria-do-conselho-de-campus-dia-06-03-2024/2-1-1-anexo-ppc-gestao-ambiental.pdf,https://www.ifsudestemg.edu.br/convocacoes/sjdr/conselho-de-campus/2024/reuniao-ordinaria-do-conselho-de-campus-dia-06-03-2024/2-1-1-anexo-ppc-gestao-ambiental.pdf,/home/lifa/resultados_geo_emi/pdfs/0094_TECNOLOGIA EM GESTÃO AMBIENTAL.pdf
YAGO DE SOUZA VERLING,ZADOTF DA - researchgate.net,,,0,"A bacia hidrográfica do rio Itabapoana é caracterizada pela sua complexidade e instabilidadeambiental, devido aos seus mais variados processos naturais. Estes processos ocorrem …",https://www.researchgate.net/profile/Yago-Verling/publication/377655911_YAGO_DE_SOUZA_VERLING_ZONEAMENTO_AMBIENTAL_DO_TRECHO_FLUMINENSE_DA_BACIA_HIDROGRAFICA_DO_RIO_ITABAPOANA_-_BRASIL/links/65b1166c8c1a4a6d1d1c6db1/YAGO-DE-SOUZA-VERLING-ZONEAMENTO-AMBIENTAL-DO-TRECHO-FLUMINENSE-DA-BACIA-HIDROGRAFICA-DO-RIO-ITABAPOANA-BRASIL.pdf,https://www.researchgate.net/profile/Yago-Verling/publication/377655911_YAGO_DE_SOUZA_VERLING_ZONEAMENTO_AMBIENTAL_DO_TRECHO_FLUMINENSE_DA_BACIA_HIDROGRAFICA_DO_RIO_ITABAPOANA_-_BRASIL/links/65b1166c8c1a4a6d1d1c6db1/YAGO-DE-SOUZA-VERLING-ZONEAMENTO-AMBIENTAL-DO-TRECHO-FLUMINENSE-DA-BACIA-HIDROGRAFICA-DO-RIO-ITABAPOANA-BRASIL.pdf,
RESOLUCAO Nº88/2025/CAMEN/IFSULDEMINAS,MR Machado - portal.ifsuldeminas.edu.br,,,0,"… Nesse sentido, a organização curricular proposta busca fortalecer a integração formativa,preservando os princípios que orientam a formação integral noEnsinoMédioIntegrado. …",https://portal.ifsuldeminas.edu.br/images/Resolu%C3%A7%C3%B5es_Camen/2025/Resolu%C3%A7%C3%A3o_CAMEN_88_2025.pdf,https://portal.ifsuldeminas.edu.br/images/Resolu%C3%A7%C3%B5es_Camen/2025/Resolu%C3%A7%C3%A3o_CAMEN_88_2025.pdf,/home/lifa/resultados_geo_emi/pdfs/0102_RESOLUCAO Nº88_2025_CAMEN_IFSULDEMINAS.pdf
XIII SEMANA DE INICIAÇÃO CIENTÍFICA UNIVERSIDADE REGIONAL DO CARIRI-URCA,PRÓRDEE DE GRADUAÇÃO… - academia.edu,,,0,"No contexto da universidade a pesquisa se faz coextensiva a todos os âmbitos e seorganiza em linhas programático-institucionais, obra coletiva da continuidade necessária ao …",https://www.academia.edu/download/24730248/livroprogramacao-xiiisemanaic-urca.pdf,https://www.academia.edu/download/24730248/livroprogramacao-xiiisemanaic-urca.pdf,
CAPÍTULO 5 ANÁLISE DO COMPORTAMENTO DE MORADORES QUANTO À DISPOSIÇÃO DE RESÍDUOS EM UM BAIRRO NA CIDADE DE MANAUS–AM,"A de Jesus Bentes,",ÁL Viana,,0,"No Brasil são produzidos cerca de 78, 4 milhões de toneladas de Resíduos Sólidos UrbanosRSU, cuja geração per capita varia de acordo com o aporte populacional de cada cidade. …",https://www.academia.edu/download/94696947/LIVRO_DESAFIOS_PARA_A_SUSTENTABILIDADE_URBANA_NAS_CIDADES_BRASILEIRAS.pdf#page=65,https://www.academia.edu/download/94696947/LIVRO_DESAFIOS_PARA_A_SUSTENTABILIDADE_URBANA_NAS_CIDADES_BRASILEIRAS.pdf#page=65,
USOS E POTENCIALIDADES DAS NARRATIVAS DIGITAIS NA FORMAÇÃO DE PROFESSORES DE GEOGRAFIA–UMA EXPERIÊNCIA NO ESTÁGIO …,"EECÀ VERSÃO, AJAF DE ARAUJO, EOPPDRA TÂNIA… - repositorio.unicamp.br",,,0,"… na contemporaneidade a partir da perspectiva dos novos letramentos e multiletramentos,considerando diferentes aplicações e fenômenos socioespaciais ligados àsgeotecnologias. …",https://repositorio.unicamp.br/Busca/Download?codigoArquivo=502163&tipoMidia=0,https://repositorio.unicamp.br/Busca/Download?codigoArquivo=502163&tipoMidia=0,
NOME TITULO_TRABALHO MODALIDADE,"C ASSIS, O SOARES, P CEFET, A XAVIER, D GARCIA… - projetos.extras.ufg.br",,,0,"… As instituições da rede federal de educação tecnológica, originalmente escolas deensinomédiointegradoao técnico foram reestruturadas ao longo de várias décadas (Escolas de …",http://projetos.extras.ufg.br/conpeex/2008/Conteudo/PDF/PIBIC_CEFET.pdf,http://projetos.extras.ufg.br/conpeex/2008/Conteudo/PDF/PIBIC_CEFET.pdf,/home/lifa/resultados_geo_emi/pdfs/0110_NOME TITULO_TRABALHO MODALIDADE.pdf
"123-AVALIAÇÃO DE CONDUTA DE MANEJO DE DUNAS FRONTAIS SOB A LUZ DE UM INSTRUMENTO DE GESTÃO EM IMBÉ, LITORAL DO RIO GRANDE …","E MARCADELLA, EM CARDOZO… - ANAIS DO XV … - encogerco.org.br",,,0,"O Plano de Manejo de Dunas de Imbé, documento publicado em 2012, traz uma análiseabrangente sobre os aspectos ambientais e sociais pertinentes ao ambiente de dunas ao …",https://encogerco.org.br/wp-content/uploads/2026/01/Livro-de-Resumos-Final.pdf#page=87,https://encogerco.org.br/wp-content/uploads/2026/01/Livro-de-Resumos-Final.pdf#page=87,/home/lifa/resultados_geo_emi/pdfs/0112_123-AVALIAÇÃO DE CONDUTA DE MANEJO DE DUNAS FRONTAIS SOB A LUZ DE UM INSTRUMENTO.pdf
[CITAÇÃO] [C] POLÍTICAS Y DE LA COMUNICACIÓN DOCTORADO EN CIENCIAS DE LA EDUCACIÓN,ALDAC DE LÓPEZ,,,0,,,,
Educação ambiental: Responsabilidade para,"G Seabra,",I Mendonça,,0,"Assembléia Geral das Nações Unidas elegeu 2011 como o Ano Internacional das Florestas.Coincidentemente, neste mesmo ano, o Congresso Nacional emerge como cenário para …",https://www.researchgate.net/profile/Livia-Feitosa-4/publication/323316918_A_Gestao_Ambiental_Participativa_como_Estrategia_do_Desenvolvimento_Local_o_Semiarido_Pernambucano/links/5a8d71d60f7e9b27c5b4b30d/A-Gestao-Ambiental-Participativa-como-Estrategia-do-Desenvolvimento-Local-o-Semiarido-Pernambucano.pdf,https://www.researchgate.net/profile/Livia-Feitosa-4/publication/323316918_A_Gestao_Ambiental_Participativa_como_Estrategia_do_Desenvolvimento_Local_o_Semiarido_Pernambucano/links/5a8d71d60f7e9b27c5b4b30d/A-Gestao-Ambiental-Participativa-como-Estrategia-do-Desenvolvimento-Local-o-Semiarido-Pernambucano.pdf,
